{"schemaVersion":"1.0","appDefinitionTemplate":{"id":"/providers/Microsoft.PowerApps/apps/","type":"Microsoft.PowerApps/apps","tags":{"primaryDeviceWidth":"640","primaryDeviceHeight":"1136","sienaVersion":"20200815T164305Z-3.20081.20.0","deviceCapabilities":"","supportsPortrait":"true","supportsLandscape":"false","primaryFormFactor":"Phone","publisherVersion":"3.20081.20","minimumRequiredApiVersion":"2.2.0","hasComponent":"false","hasUnlockedComponent":"false","isUnifiedRootApp":"false"},"properties":{"appVersion":"2020-08-15T16:43:05Z","lifeCycleId":"Published","createdByClientVersion":{"major":3,"minor":20081,"build":20,"revision":0,"majorRevision":0,"minorRevision":0},"minClientVersion":{"major":3,"minor":20081,"build":20,"revision":0,"majorRevision":0,"minorRevision":0},"backgroundColor":"rgba(0, 176, 240, 1)","backgroundImageUri":"/5047930425845672902/N99e4bbe7-a02b-43a7-9044-3752d6ba9034-logoSmallFile","displayName":"My Study Plan","description":"","commitMessage":"","appUris":{"documentUri":{"value":"/5047930425845672902/N536866e0-a96c-4fe5-b3cc-30b9808091f6-document.msapp","readonlyValue":"/5047930425845672902/N536866e0-a96c-4fe5-b3cc-30b9808091f6-document.msapp"},"imageUris":[]},"createdTime":"0001-01-01T00:00:00Z","lastModifiedTime":"0001-01-01T00:00:00Z","sharedGroupsCount":0,"sharedUsersCount":0,"icons":{"smallIconUri":"/5047930425845672902/Ncf2ed950-b160-4867-9b92-640aa5d7f279-small.png","mediumIconUri":"/5047930425845672902/Nff1b52ee-e889-431b-a009-2b039db25e9f-medium.png","largeIconUri":"/5047930425845672902/N011e672b-5916-4529-872d-329d6652d608-large.png","wideIconUri":"/5047930425845672902/Nf4d09950-601e-4df5-83ec-91533c7337c8-wide.png"},"connectionReferences":{"5097d139-6c35-48d1-b5ea-19ddea1fb79c":{"id":"fb919efa-a6d5-48bd-820c-43aad05fa521","displayName":"Excel","iconUri":"https://connectoricons-prod.azureedge.net/excel/icon_1.0.1352.2014.png","dataSources":["Table1"],"dependencies":["1e7cfcca-2511-46a5-8f00-07c3696eac85"],"dependents":[],"parameterHints":{"1e7cfcca-2511-46a5-8f00-07c3696eac85":{"value":"fileSource"}},"isOnPremiseConnection":false,"dataSets":{"b!ai2VlXfMpky_MKtjRWXhoxr6SsEGfg9CtfdPS989NzrvnUdhj6pLSp6A0H9JKBag.01BME6TDHUNSMHTXPDUVF2UC6S56AMLAUB":{"dataSources":{"Table1":{"tableName":"Table1"}}}},"apiTier":"Standard","isCustomApiConnection":false},"1e7cfcca-2511-46a5-8f00-07c3696eac85":{"id":"cb411668-4d70-46c1-9b81-bddcf0e03144","displayName":"OneDrive for Business","iconUri":"https://connectoricons-prod.azureedge.net/onedriveforbusiness/icon_1.0.1341.1987.png","dataSources":[],"dependencies":[],"dependents":["5097d139-6c35-48d1-b5ea-19ddea1fb79c"],"parameterHints":{},"isOnPremiseConnection":false,"dataSets":{},"apiTier":"Standard","isCustomApiConnection":false},"cf975230-24aa-492c-bd4b-c69963c19a1c":{"id":"fb919efa-a6d5-48bd-820c-43aad05fa521","displayName":"Excel","iconUri":"https://connectoricons-prod.azureedge.net/excel/icon_1.0.1352.2014.png","dataSources":["Table2"],"dependencies":["0bb96c49-daa9-4921-9a76-a9c869f6cf36"],"dependents":[],"parameterHints":{"0bb96c49-daa9-4921-9a76-a9c869f6cf36":{"value":"fileSource"}},"isOnPremiseConnection":false,"dataSets":{"b!ai2VlXfMpky_MKtjRWXhoxr6SsEGfg9CtfdPS989NzrvnUdhj6pLSp6A0H9JKBag.01BME6TDHUNSMHTXPDUVF2UC6S56AMLAUB":{"dataSources":{"Table2":{"tableName":"Table2"}}}},"apiTier":"Standard","isCustomApiConnection":false},"0bb96c49-daa9-4921-9a76-a9c869f6cf36":{"id":"cb411668-4d70-46c1-9b81-bddcf0e03144","displayName":"OneDrive for Business","iconUri":"https://connectoricons-prod.azureedge.net/onedriveforbusiness/icon_1.0.1341.1987.png","dataSources":[],"dependencies":[],"dependents":["cf975230-24aa-492c-bd4b-c69963c19a1c"],"parameterHints":{},"isOnPremiseConnection":false,"dataSets":{},"apiTier":"Standard","isCustomApiConnection":false}},"databaseReferences":{},"almMode":"Environment","performanceOptimizationEnabled":true,"canConsumeAppPass":true},"isAppComponentLibrary":false,"appType":"ClassicCanvasApp","appComponents":[]}}